black (Safe 16 SVG Hex3),#000000,0,0,0
midnightblue2 (Safe Hex3),#000033,0,0,51
navy (16 SVG),#000080,0,0,128
darkblue (SVG),#00008B,0,0,139
newmidnightblue,#00009C,0,0,156
mediumblue (SVG),#0000CD,0,0,205
blue2 (Hex3),#0000EE,0,0,238
blue (Safe 16 SVG Hex3),#0000FF,0,0,255
pinegreen (Safe Hex3),#003300,0,51,0
cichlid,#003EFF,0,62,255
sign blue,#003F87,0,63,135
dumpster,#004F00,0,79,0
celtics,#00611C,0,97,28
darkgreen (SVG),#006400,0,100,0
starbucks (Safe Hex3),#006633,0,102,51
deepskyblue4,#00688B,0,104,139
sign green,#006B54,0,107,84
slateblue,#007FFF,0,127,255
green (16 SVG),#008000,0,128,0
teal (16 SVG),#008080,0,128,128
turquoise4,#00868B,0,134,139
green4,#008B00,0,139,0
springgreen4,#008B45,0,139,69
darkcyan (SVG),#008B8B,0,139,139
irish flag (Safe Hex3),#009900,0,153,0
skyblue5 (Safe Hex3),#0099CC,0,153,204
deepskyblue3,#009ACD,0,154,205
truegreen,#00AF33,0,175,51
deepskyblue2,#00B2EE,0,178,238
deepskyblue (SVG),#00BFFF,0,191,255
turquoise3,#00C5CD,0,197,205
turquoiseblue,#00C78C,0,199,140
emeraldgreen,#00C957,0,201,87
green3,#00CD00,0,205,0
springgreen3,#00CD66,0,205,102
cyan3,#00CDCD,0,205,205
darkturquoise (SVG),#00CED1,0,206,209
turquoise2,#00E5EE,0,229,238
green2 (Hex3),#00EE00,0,238,0
springgreen2,#00EE76,0,238,118
cyan2 (Hex3),#00EEEE,0,238,238
turquoise1,#00F5FF,0,245,255
mediumspringgreen (SVG),#00FA9A,0,250,154
lime (Safe 16 SVG Hex3),#00FF00,0,255,0
springgreen (Safe Hex3),#00FF33,0,255,51
neonavocado (Safe Hex3),#00FF66,0,255,102
springgreen (SVG),#00FF7F,0,255,127
seagreen (Hex3),#00FFAA,0,255,170
light teal (Safe Hex3),#00FFCC,0,255,204
aqua (Safe 16 SVG Hex3),#00FFFF,0,255,255
cyan (Safe 16=aqua SVG Hex3),#00FFFF,0,255,255
ty nant,#0147FA,1,71,250
topaz,#0198E1,1,152,225
mouthwash,#01C5BB,1,197,187
picasso blue,#0276FD,2,118,253
gray1,#030303,3,3,3
manganeseblue,#03A89E,3,168,158
gray2,#050505,5,5,5
cerulean,#05B8CC,5,184,204
indiglo,#05E9FF,5,233,255
teal LED,#05EDFF,5,237,255
sea green,#068481,6,132,129
gray3,#080808,8,8,8
gray4,#0A0A0A,10,10,10
permanent green,#0AC92B,10,201,43
police strobe,#0BB5FF,11,181,255
gray5,#0D0D0D,13,13,13
indigo dye,#0D4F8B,13,79,139
banker's lamp,#0E8C3A,14,140,58
diamond blue,#0EBFE9,14,191,233
gray6,#0F0F0F,15,15,15
turquoise,#0FDDAF,15,221,175
dodgerblue4,#104E8B,16,78,139
malachite,#108070,16,128,112
ultramarine,#120A8F,18,10,143
gray7,#121212,18,18,18
garden hose,#138F6A,19,143,106
gray8,#141414,20,20,20
ulysses butterfly,#1464F4,20,100,244
blue velvet,#162252,22,34,82
gray9,#171717,23,23,23
masters jacket,#174038,23,64,56
dodgerblue3,#1874CD,24,116,205
midnightblue (SVG),#191970,25,25,112
gray10,#1A1A1A,26,26,26
alaska sky,#1B3F8B,27,63,139
6 ball,#1B6453,27,100,83
gray11,#1C1C1C,28,28,28
dodgerblue2,#1C86EE,28,134,238
peafowl,#1D7CF2,29,124,242
bottle green,#1DA237,29,162,55
dodgerblue (SVG),#1E90FF,30,144,255
gray12,#1F1F1F,31,31,31
lightseagreen (SVG),#20B2AA,32,178,170
emerald city,#20BF9F,32,191,159
gray13,#212121,33,33,33
packer green,#213D30,33,61,48
huntergreen,#215E21,33,94,33
indigo2,#218868,33,136,104
delft,#22316C,34,49,108
forestgreen (SVG),#228B22,34,139,34
navyblue,#23238E,35,35,142
steelblue,#236B8E,35,107,142
seagreen,#238E68,35,142,104
gray14,#242424,36,36,36
gummi green,#24D330,36,211,48
gray15,#262626,38,38,38
blue spider,#26466D,38,70,109
royalblue4,#27408B,39,64,139
pabst blue,#283A90,40,58,144
cooler,#284942,40,73,66
emeraldgreen2,#28AE7B,40,174,123
ivoryblack,#292421,41,36,33
gray16,#292929,41,41,41
atlantic green,#2A8E82,42,142,130
gray17,#2B2B2B,43,43,43
blue angels,#2B4F81,43,79,129
st louis blues,#2C5197,44,81,151
cucumber,#2C5D3F,44,93,63
indigo,#2E0854,46,8,84
gray18,#2E2E2E,46,46,46
stained glass,#2E37FE,46,55,254
lampblack,#2E473B,46,71,59
YInMn blue,#2E5090,46,80,144
park bench,#2E6444,46,100,68
seagreen (SVG),#2E8B57,46,139,87
midnightblue,#2F2F4F,47,47,79
darkgreen,#2F4F2F,47,79,47
darkslategray (SVG),#2F4F4F,47,79,79
darkslategrey (SVG),#2F4F4F,47,79,79
aquarium,#2FAA96,47,170,150
presidential blue,#302B54,48,43,84
gray19,#303030,48,48,48
mailbox,#3063A5,48,99,165
sapgreen,#308014,48,128,20
pool table,#31B94D,49,185,77
medium blue,#3232CC,50,50,204
medium blue2,#3232CD,50,50,205
limerind,#324F17,50,79,23
liz eyes,#325C74,50,92,116
army men,#327556,50,117,86
green line,#329555,50,149,85
skyblue6,#3299CC,50,153,204
medium aquamarine2,#32CC99,50,204,153
limegreen (SVG),#32CD32,50,205,50
medium aquamarine3,#32CD99,50,205,153
darkcherryred (Safe Hex3),#330000,51,0,0
cornflower (Safe Hex3),#3300FF,51,0,255
gray20 (Safe Hex3),#333333,51,51,51
royalblue (Safe Hex3),#3333FF,51,51,255
old money,#337147,51,113,71
peacock,#33A1C9,51,161,201
blue line,#33A1DE,51,161,222
parrotgreen (Safe Hex3),#33FF33,51,255,51
blue corn,#344152,52,65,82
octopus,#34925E,52,146,94
army uniform,#353F3E,53,63,62
pacific blue,#35586C,53,88,108
parrot,#3579DC,53,121,220
cafe americano,#362819,54,40,25
gray21,#363636,54,54,54
steelblue4,#36648B,54,100,139
pacific green,#36DBCA,54,219,202
aquaman,#37BC61,55,188,97
metallic mint,#37FDFC,55,253,252
blue deep,#380474,56,4,116
gray22,#383838,56,56,56
terreverte,#385E0F,56,94,15
sgiteal,#388E8E,56,142,142
summersky,#38B0DE,56,176,222
green grass of home,#395D33,57,93,51
green pepper,#397D02,57,125,2
nypd blue,#39B7CD,57,183,205
blackberry,#3A3A38,58,58,56
blue train,#3A5894,58,88,148
royalblue3,#3A5FCD,58,95,205
circuit board,#3A6629,58,102,41
big blue bus,#3A66A7,58,102,167
dress blue,#3B3178,59,49,120
gray23,#3B3B3B,59,59,59
blue grapes,#3B4990,59,73,144
romaine lettuce,#3B5323,59,83,35
olive3b,#3B5E2B,59,94,43
greek roof,#3B6AA0,59,106,160
blue green algae,#3B8471,59,132,113
mediumseagreen (SVG),#3CB371,60,179,113
gray24,#3D3D3D,61,61,61
wet moss,#3D5229,61,82,41
cobalt,#3D59AB,61,89,171
obsidian,#3D5B43,61,91,67
green lantern,#3D8B37,61,139,55
cobaltgreen,#3D9140,61,145,64
green party,#3E6B4F,62,107,79
mediterranean,#3E766D,62,118,109
green gables,#3E766D,62,118,109
ooze,#3E7A5E,62,122,94
clover,#3EA055,62,160,85
douglas fir,#3F602B,63,96,43
royal palm,#3F6826,63,104,38
green taxi,#3F9E4D,63,158,77
gray25,#404040,64,64,64
shamrock,#40664D,64,102,77
turquoise (SVG),#40E0D0,64,224,208
jack pine,#414F12,65,79,18
royalblue (SVG),#4169E1,65,105,225
black beauty plum,#422C2F,66,44,47
gray26,#424242,66,66,66
cornflowerblue,#42426F,66,66,111
blue jeans,#42526C,66,82,108
isle royale greenstone,#426352,66,99,82
blue whale,#42647F,66,100,127
medium seagreen,#426F42,66,111,66
caribbean,#42C0FB,66,192,251
spinach,#435D36,67,93,54
royalblue2,#436EEE,67,110,238
denim,#4372AA,67,114,170
seagreen3,#43CD80,67,205,128
go,#43D58C,67,213,140
gray27,#454545,69,69,69
green agate,#457371,69,115,113
chartreuse4,#458B00,69,139,0
aquamarine4,#458B74,69,139,116
natural turquoise,#45C3B8,69,195,184
od green,#46523C,70,82,60
steelblue (SVG),#4682B4,70,130,180
slateblue4,#473C8B,71,60,139
gray28,#474747,71,71,71
noble fir,#476A34,71,106,52
darkslateblue (SVG),#483D8B,72,61,139
park ranger,#484D46,72,77,70
scotland pound,#487153,72,113,83
royalblue1,#4876FF,72,118,255
holly,#488214,72,130,20
mediumturquoise (SVG),#48D1CC,72,209,204
blue bird,#4973AB,73,115,171
blue ridge mtns,#4981CE,73,129,206
blue bucket,#499DF5,73,157,245
Nerf green,#49E20E,73,226,14
electric turquoise,#49E9BD,73,233,189
gray29,#4A4A4A,74,74,74
kakapo,#4A7023,74,112,35
skyblue4,#4A708B,74,112,139
darkgreencopper,#4A766E,74,118,110
fenway monster,#4A777A,74,119,122
wales,#4AC948,74,201,72
indigo (SVG),#4B0082,75,0,130
green MM,#4BB74C,75,183,76
bluegrass,#4C7064,76,112,100
blue lagoon,#4CB7A5,76,183,165
kelly,#4CBB17,76,187,23
gray30,#4D4D4D,77,77,77
neonblue,#4D4DFF,77,77,255
fraser fir,#4D6B50,77,107,80
pollock blue,#4D6FAC,77,111,172
lake ontario,#4D71A3,77,113,163
green visor,#4D7865,77,120,101
grass,#4DBD33,77,189,51
aquamarine,#4E78A0,78,120,160
seagreen2,#4EEE94,78,238,148
violet,#4F2F4F,79,47,79
darkolivegreen,#4F4F2F,79,79,47
gray31,#4F4F4F,79,79,79
green scrubs,#4F8E83,79,142,131
steelblue3,#4F94CD,79,148,205
lake superior,#506987,80,105,135
blue stone,#50729F,80,114,159
LCD dark,#507786,80,119,134
lake michigan,#50A6C2,80,166,194
malta blue,#517693,81,118,147
green stamp,#517B58,81,123,88
blue pill,#5190ED,81,144,237
gray32,#525252,82,82,82
blue dog,#525C65,82,92,101
fenway grass,#526F35,82,111,53
greencopper,#527F76,82,127,118
darkslategray4,#528B8B,82,139,139
cadetblue4,#53868B,83,134,139
carolina blue,#539DC2,83,157,194
grape,#543948,84,57,72
watermelon rind,#54632C,84,99,44
palegreen4,#548B54,84,139,84
seagreen1,#54FF9F,84,255,159
burntsienna,#551011,85,16,17
deeppurple,#551033,85,16,51
passion fruit,#55141C,85,20,28
purple4,#551A8B,85,26,139
gray33 (Hex3),#555555,85,85,85
darkolivegreen (SVG),#556B2F,85,107,47
leaf,#55AE3A,85,174,58
forestgreen2,#567E3A,86,126,58
gray34,#575757,87,87,87
mtn dew bottle,#577A3A,87,122,58
blue corn chips,#584E56,88,78,86
broccoli,#586949,88,105,73
gray35,#595959,89,89,89
richblue,#5959AB,89,89,171
snake,#596C56,89,108,86
blueberry fresh,#5971AD,89,113,173
green bark,#597368,89,115,104
chemical suit,#5993E5,89,147,229
lizard,#5A6351,90,99,81
curacao,#5B59BA,91,89,186
natural gas,#5B90F6,91,144,246
emerald,#5B9C64,91,156,100
ultramarine violet,#5C246E,92,36,110
bakerschocolate,#5C3317,92,51,23
verydarkbrown,#5C4033,92,64,51
gray36,#5C5C5C,92,92,92
steelblue2,#5CACEE,92,172,238
medium purple4,#5D478B,93,71,139
lake huron,#5D7B93,93,123,147
blue sponge,#5D92B1,93,146,177
green LED,#5DFC0A,93,252,10
vandykebrown,#5E2605,94,38,5
sepia,#5E2612,94,38,18
purple rose,#5E2D79,94,45,121
gray37,#5E5E5E,94,94,94
fresh green,#5EDA9E,94,218,158
tea leaves,#5F755E,95,117,94
cadetblue (SVG),#5F9EA0,95,158,160
cadetblue,#5F9F9F,95,159,159
sign brown,#603311,96,51,17
light skyblue4,#607B8B,96,123,139
fisherman's float,#607C6E,96,124,110
palm,#608341,96,131,65
la maison bleue,#60AFFE,96,175,254
tank,#615E3F,97,94,63
gray38,#616161,97,97,97
lake erie,#6183A6,97,131,166
cinnabargreen,#61B329,97,179,41
green apple,#629632,98,150,50
tropical blue,#62B1F6,98,177,246
gray39,#636363,99,99,99
cactus,#636F57,99,111,87
green algae,#63AB62,99,171,98
steelblue1,#63B8FF,99,184,255
surf,#63D1F4,99,209,244
seaweed,#646F5E,100,111,94
cornflowerblue (SVG),#6495ED,100,149,237
lindsay eyes,#65909A,101,144,154
tree moss,#659D32,101,157,50
bloodred (Safe Hex3),#660000,102,0,0
blue safe (Safe Hex3),#6600FF,102,0,255
concord grape,#660198,102,1,152
gray40 (Safe Hex3),#666666,102,102,102
cobalt (Safe Hex3),#6666FF,102,102,255
chromeoxidegreen,#668014,102,128,20
paleturquoise4,#668B8B,102,139,139
green ash,#668E86,102,142,134
aqua (Safe Hex3),#66CCCC,102,204,204
chartreuse3,#66CD00,102,205,0
mediumaquamarine (SVG),#66CDAA,102,205,170
wasabi (Safe Hex3),#66FF66,102,255,102
neon blue,#67C8FF,103,200,255
swimming pool,#67E6EC,103,230,236
darkorchid4,#68228B,104,34,139
sea urchin,#683A5E,104,58,94
blue tuna,#687C97,104,124,151
pond scum,#687E5A,104,126,90
light blue4,#68838B,104,131,139
england pound,#688571,104,133,113
maroon5,#691F01,105,31,1
purple rain,#694489,105,68,137
slateblue3,#6959CD,105,89,205
dimgrey (SVG),#696969,105,105,105
dimgray (SVG),#696969,105,105,105
olivedrab4,#698B22,105,139,34
darkseagreen4,#698B69,105,139,105
blue shark,#6996AD,105,150,173
putting,#699864,105,152,100
slateblue (SVG),#6A5ACD,106,90,205
green hornet,#6A8455,106,132,85
darkslateblue,#6B238E,107,35,142
semisweet chocolate1,#6B4226,107,66,38
gray42,#6B6B6B,107,107,107
olivedrab (SVG),#6B8E23,107,142,35
slategray4,#6C7B8B,108,123,139
skyblue3,#6CA6CD,108,166,205
neptune,#6D9BF1,109,155,241
gray43,#6E6E6E,110,110,110
light steelblue4,#6E7B8B,110,123,139
darkolivegreen4,#6E8B3D,110,139,61
viridianlight,#6EFF70,110,255,112
salmon5,#6F4242,111,66,66
dolphin,#6F7285,111,114,133
gray44,#707070,112,112,112
slategrey (SVG),#708090,112,128,144
slategray (SVG),#708090,112,128,144
darkturquoise,#7093DB,112,147,219
aquamarine,#70DB93,112,219,147
medium turquoise,#70DBDB,112,219,219
garden plum,#71637D,113,99,125
sgislate blue,#7171C6,113,113,198
sgichartreuse,#71C671,113,198,113
indigo tile,#72587F,114,88,127
deepochre,#733D1A,115,61,26
rawumber,#734A12,115,74,18
gray45,#737373,115,115,115
seurat blue,#739AC5,115,154,197
old copper,#73B1B7,115,177,183
seaweed roll,#748269,116,130,105
blue ice,#74BBFB,116,187,251
lavender field,#754C78,117,76,120
gray46,#757575,117,117,117
blue fern,#759B84,117,155,132
blueberry,#75A1D0,117,161,208
chartreuse2,#76EE00,118,238,0
aquamarine2,#76EEC6,118,238,198
ganegreen (Hex3),#777733,119,119,51
lightslategray (SVG Hex3),#778899,119,136,153
lightslategrey (SVG Hex3),#778899,119,136,153
green goo,#77896C,119,137,108
gray47,#787878,120,120,120
pumice,#78A489,120,164,137
pea,#78AB46,120,171,70
pea,#79973F,121,151,63
Coke bottle,#79A888,121,168,136
darkslategray3,#79CDCD,121,205,205
medium orchid4,#7A378B,122,55,139
slateblue2,#7A67EE,122,103,238
gray48,#7A7A7A,122,122,122
light cyan4,#7A8B8B,122,139,139
cat eye,#7AA9DD,122,169,221
cadetblue3,#7AC5CD,122,197,205
cinnamon,#7B3F00,123,63,0
mediumslateblue (SVG),#7B68EE,123,104,238
pickle,#7B7922,123,121,34
green moth,#7BBF6A,123,191,106
night vision,#7BCC70,123,204,112
palegreen3,#7CCD7C,124,205,124
lawngreen (SVG),#7CFC00,124,252,0
purple3,#7D26CD,125,38,205
gray49,#7D7D7D,125,125,125
blue nile,#7D7F94,125,127,148
sgilight blue,#7D9EC0,125,158,192
forget me nots,#7EB6FF,126,182,255
skyblue2,#7EC0EE,126,192,238
medium slateblue2,#7F00FF,127,0,255
gray50,#7F7F7F,127,127,127
flight jacket,#7F8778,127,135,120
kiwi,#7F9A65,127,154,101
chartreuse (SVG),#7FFF00,127,255,0
aquamarine (SVG),#7FFFD4,127,255,212
maroon (16 SVG),#800000,128,0,0
purple (16 SVG),#800080,128,0,128
brown,#802A2A,128,42,42
olive (16 SVG),#808000,128,128,0
warmgrey,#808069,128,128,105
gray (16 SVG),#808080,128,128,128
grey (16 SVG),#808080,128,128,128
coldgrey,#808A87,128,138,135
eggplant,#816687,129,102,135
wild violet,#820BBB,130,11,187
gray51,#828282,130,130,130
blue mist,#82CFFD,130,207,253
slateblue1,#836FFF,131,111,255
honeydew4,#838B83,131,139,131
azure4,#838B8B,131,139,139
nikko blue,#838EDE,131,142,222
neon green,#83F52C,131,245,44
light slateblue,#8470FF,132,112,255
frog,#84BE6A,132,190,106
darkwood,#855E42,133,94,66
dustyrose,#856363,133,99,99
gray52,#858585,133,133,133
breadfruit,#859C27,133,156,39
plum pudding,#862A51,134,42,81
100 euro,#86C67C,134,198,124
darkpurple,#871F78,135,31,120
raspberry,#872657,135,38,87
brownochre,#87421F,135,66,31
gray53,#878787,135,135,135
skyblue (SVG),#87CEEB,135,206,235
lightskyblue (SVG),#87CEFA,135,206,250
skyblue1,#87CEFF,135,206,255
blue cow,#88ACE0,136,172,224
medium purple3,#8968CD,137,104,205
blueviolet (SVG),#8A2BE2,138,43,226
burntumber,#8A3324,138,51,36
burntsienna,#8A360F,138,54,15
gray54,#8A8A8A,138,138,138
green quartz,#8AA37B,138,163,123
darkred (SVG),#8B0000,139,0,0
darkmagenta (SVG),#8B008B,139,0,139
deeppink4,#8B0A50,139,10,80
firebrick4,#8B1A1A,139,26,26
maroon4,#8B1C62,139,28,98
violetred4,#8B2252,139,34,82
brown4,#8B2323,139,35,35
brown1,#8B2500,139,37,0
tomato4,#8B3626,139,54,38
indianred4,#8B3A3A,139,58,58
hotpink4,#8B3A62,139,58,98
coral4,#8B3E2F,139,62,47
darkorange4,#8B4500,139,69,0
saddlebrown (SVG),#8B4513,139,69,19
sienna4,#8B4726,139,71,38
palevioletred4,#8B475D,139,71,93
orchid4,#8B4789,139,71,137
salmon4,#8B4C39,139,76,57
light salmon4,#8B5742,139,87,66
orange4,#8B5A00,139,90,0
tan4,#8B5A2B,139,90,43
light pink4,#8B5F65,139,95,101
pink4,#8B636C,139,99,108
darkgoldenrod4,#8B6508,139,101,8
plum4,#8B668B,139,102,139
goldenrod4,#8B6914,139,105,20
rosybrown4,#8B6969,139,105,105
burlywood4,#8B7355,139,115,85
gold4,#8B7500,139,117,0
peachpuff4,#8B7765,139,119,101
navajowhite4,#8B795E,139,121,94
thistle4,#8B7B8B,139,123,139
bisque4,#8B7D6B,139,125,107
mistyrose4,#8B7D7B,139,125,123
wheat4,#8B7E66,139,126,102
light goldenrod4,#8B814C,139,129,76
antiquewhite4,#8B8378,139,131,120
lavenderblush4,#8B8386,139,131,134
khaki4,#8B864E,139,134,78
seashell4,#8B8682,139,134,130
cornsilk4,#8B8878,139,136,120
lemonchiffon4,#8B8970,139,137,112
snow4,#8B8989,139,137,137
yellow4,#8B8B00,139,139,0
light yellow4,#8B8B7A,139,139,122
ivory4,#8B8B83,139,139,131
martini olive,#8BA446,139,164,70
soylent green,#8BA870,139,168,112
scarlet,#8C1717,140,23,23
bronze,#8C7853,140,120,83
gray55,#8C8C8C,140,140,140
green soap,#8CDD81,140,221,129
light skyblue3,#8DB6CD,141,182,205
darkslategray2,#8DEEEE,141,238,238
firebrick5,#8E2323,142,35,35
maroon6,#8E236B,142,35,107
sgibeet,#8E388E,142,56,142
sienna,#8E6B23,142,107,35
sgiolivedrab,#8E8E38,142,142,56
cadetblue2,#8EE5EE,142,229,238
violet,#8F5E99,143,94,153
gray56,#8F8F8F,143,143,143
light steelblue,#8F8FBC,143,143,188
green cheese,#8FA880,143,168,128
darkseagreen (SVG),#8FBC8F,143,188,143
light blue,#8FD8D8,143,216,216
light green (SVG),#90EE90,144,238,144
cool mint,#90FEFB,144,254,251
cobaltvioletdeep,#91219E,145,33,158
purple2,#912CEE,145,44,238
gray57,#919191,145,145,145
LCD back,#91B49C,145,180,156
pastel green,#92CCA6,146,204,166
mediumpurple (SVG),#9370DB,147,112,219
greenyellow,#93DB70,147,219,112
darkviolet (SVG),#9400D3,148,0,211
gray58,#949494,148,148,148
marsorange,#964514,150,69,20
gray59,#969696,150,150,150
eton blue,#96C8A2,150,200,162
paleturquoise3,#96CDCD,150,205,205
darktan,#97694F,151,105,79
darkslategray1,#97FFFF,151,255,255
avocado,#98A148,152,161,72
cadetblue1,#98F5FF,152,245,255
palegreen (SVG),#98FB98,152,251,152
truepurple (Safe Hex3),#990099,153,0,153
bordeaux,#99182C,153,24,44
darkorchid (SVG),#9932CC,153,50,204
darkorchid,#9932CD,153,50,205
chocolate (Safe Hex3),#993300,153,51,0
gray60 (Safe Hex3),#999999,153,153,153
yellowgreen2,#99CC32,153,204,50
wavecrest,#99CDC9,153,205,201
darkorchid3,#9A32CD,154,50,205
light blue3,#9AC0CD,154,192,205
yellowgreen (SVG),#9ACD32,154,205,50
palegreen1,#9AFF9A,154,255,154
purple1,#9B30FF,155,48,255
cerulean blue,#9BC4E2,155,196,226
darkseagreen3,#9BCD9B,155,205,155
brick,#9C661F,156,102,31
purple ink,#9C6B98,156,107,152
gray61,#9C9C9C,156,156,156
cantaloupe,#9CA998,156,169,152
mint candy,#9CBA7F,156,186,127
jolly green,#9CCB19,156,203,25
red delicious apple,#9D1309,157,19,9
amethyst,#9D6B84,157,107,132
canvas,#9D8851,157,136,81
camo3,#9DB68C,157,182,140
burgundy,#9E0508,158,5,8
gray62,#9E9E9E,158,158,158
blueviolet,#9F5F9F,159,95,159
latte,#9F703A,159,112,58
medium purple2,#9F79EE,159,121,238
khaki,#9F9F5F,159,159,95
slategray3,#9FB6CD,159,182,205
purple,#A020F0,160,32,240
bing cherry,#A02422,160,36,34
sienna (SVG),#A0522D,160,82,45
gray63,#A1A1A1,161,161,161
smyrna purple,#A2627A,162,98,122
light steelblue3,#A2B5CD,162,181,205
kermit,#A2BC13,162,188,19
avacado,#A2C257,162,194,87
sweet potato vine,#A2C93A,162,201,58
darkolivegreen3,#A2CD5A,162,205,90
beige dark,#A39480,163,148,128
gray64,#A3A3A3,163,163,163
20 pound,#A46582,164,101,130
light skyblue2,#A4D3EE,164,211,238
liberty,#A4DCD1,164,220,209
brown (SVG),#A52A2A,165,42,42
bunny eye,#A5435C,165,67,92
brown,#A62A2A,166,42,42
bronzeii,#A67D3D,166,125,61
medium wood,#A68064,166,128,100
gray65,#A6A6A6,166,166,166
guacamole,#A6D785,166,215,133
turnip,#A74CAB,167,76,171
sandstone,#A78D84,167,141,132
gray66,#A8A8A8,168,168,168
darkgray (SVG),#A9A9A9,169,169,169
darkgrey (SVG),#A9A9A9,169,169,169
aluminum,#A9ACB6,169,172,182
camo2,#A9C9A4,169,201,164
purple6 (Hex3),#AA00FF,170,0,255
coffee,#AA5303,170,83,3
cinnamon (Hex3),#AA6600,170,102,0
sgilight gray (Hex3),#AAAAAA,170,170,170
periwinkle (Hex3),#AAAAFF,170,170,255
goldgreen (Hex3),#AADD00,170,221,0
medium purple1,#AB82FF,171,130,255
gray67,#ABABAB,171,171,171
organic tea,#AC7F24,172,127,36
gray68,#ADADAD,173,173,173
lightblue (SVG),#ADD8E6,173,216,230
turquoise,#ADEAEA,173,234,234
greenyellow (SVG),#ADFF2F,173,255,47
wasabi sauce,#AEBB51,174,187,81
paleturquoise2,#AEEEEE,174,238,238
sign red,#AF1E2D,175,30,45
cola,#AF4035,175,64,53
paleturquoise (SVG),#AFEEEE,175,238,238
indianred,#B0171F,176,23,31
maroonb0,#B03060,176,48,96
manatee gray,#B0A6A4,176,166,164
gray69,#B0B0B0,176,176,176
lightsteelblue (SVG),#B0C4DE,176,196,222
powderblue (SVG),#B0E0E6,176,224,230
light skyblue1,#B0E2FF,176,226,255
kidney bean,#B13E0F,177,62,15
firebrick (SVG),#B22222,178,34,34
darkorchid2,#B23AEE,178,58,238
purple fish,#B272A6,178,114,166
cappuccino,#B28647,178,134,71
shamrock shake,#B2D0B4,178,208,180
light blue2,#B2DFEE,178,223,238
jonathan apple,#B3432B,179,67,43
gray70,#B3B3B3,179,179,179
key lime pie,#B3C95A,179,201,90
olivedrab2,#B3EE3A,179,238,58
medium orchid3,#B452CD,180,82,205
light cyan3,#B4CDCD,180,205,205
vanilla mint,#B4D7BF,180,215,191
darkseagreen2,#B4EEB4,180,238,180
thistle,#B5509C,181,80,156
brass,#B5A642,181,166,66
gray71,#B5B5B5,181,181,181
harold's crayon,#B62084,182,32,132
cranberry,#B6316C,182,49,108
cafe au lait,#B67C3D,182,124,61
titanium,#B6AFA9,182,175,169
brushed aluminum,#B6C5BE,182,197,190
heather blue,#B7C3D0,183,195,208
new $20,#B7C8B6,183,200,182
red coat,#B81324,184,19,36
copper,#B87333,184,115,51
darkgoldenrod (SVG),#B8860B,184,134,11
gray72,#B8B8B8,184,184,184
slategray2,#B9D3EE,185,211,238
mediumorchid (SVG),#BA55D3,186,85,211
anjou pear,#BAAF07,186,175,7
gray73,#BABABA,186,186,186
braeburn apple,#BB2A3C,187,42,60
paleturquoise1 (Hex3),#BBFFFF,187,255,255
coconut shell,#BC7642,188,118,66
rosybrown (SVG),#BC8F8F,188,143,143
light steelblue2,#BCD2EE,188,210,238
chartreuse verte,#BCE937,188,233,55
green mist,#BCED91,188,237,145
darkolivegreen2,#BCEE68,188,238,104
purple candy,#BDA0CB,189,160,203
darkkhaki (SVG),#BDB76B,189,183,107
gray74,#BDBDBD,189,189,189
mint green,#BDFCC9,189,252,201
strawberry,#BE2625,190,38,37
gray,#BEBEBE,190,190,190
cat eye,#BEE554,190,229,84
darkorchid1,#BF3EFF,191,62,255
violet flower,#BF5FFF,191,95,255
gray75,#BFBFBF,191,191,191
light blue1,#BFEFFF,191,239,255
silver (16 SVG),#C0C0C0,192,192,192
lichen,#C0D9AF,192,217,175
light blue,#C0D9D9,192,217,217
olivedrab1,#C0FF3E,192,255,62
honeydew3,#C1CDC1,193,205,193
azure3,#C1CDCD,193,205,205
pastel blue,#C1F0F6,193,240,246
darkseagreen1,#C1FFC1,193,255,193
gray76,#C2C2C2,194,194,194
robin's egg,#C3E4ED,195,228,237
almond,#C48E48,196,142,72
gray77,#C4C4C4,196,196,196
sgibrightgray,#C5C1AA,197,193,170
mint ice cream,#C5E3BF,197,227,191
bacon,#C65D57,198,93,87
sgisalmon,#C67171,198,113,113
ash,#C6C3B5,198,195,181
slategray1,#C6E2FF,198,226,255
mediumvioletred (SVG),#C71585,199,21,133
chili powder,#C73F17,199,63,23
red roof,#C75D4D,199,93,77
rawsienna,#C76114,199,97,20
crema,#C76E06,199,110,6
goldochre,#C77826,199,120,38
gray78,#C7C7C7,199,199,199
ruby red,#C82536,200,37,54
safety vest,#C8F526,200,245,38
mocha latte,#C9AF94,201,175,148
gray79,#C9C9C9,201,201,201
light steelblue1,#CAE1FF,202,225,255
darkolivegreen1,#CAFF70,202,255,112
fog,#CBCAB6,203,202,182
grape (Safe Hex3),#CC00FF,204,0,255
bloodorange (Hex3),#CC1100,204,17,0
orange,#CC3232,204,50,50
violetred,#CC3299,204,50,153
apple,#CC4E5C,204,78,92
ochre (Hex3),#CC7722,204,119,34
gold5,#CC7F32,204,127,50
lavender (Safe Hex3),#CC99CC,204,153,204
ralphyellow (Safe Hex3),#CCCC00,204,204,0
gray80 (Safe Hex3),#CCCCCC,204,204,204
offwhiteblue (Safe Hex3),#CCCCFF,204,204,255
offwhitegreen (Safe Hex3),#CCFFCC,204,255,204
red3,#CD0000,205,0,0
magenta3,#CD00CD,205,0,205
deeppink3,#CD1076,205,16,118
firebrick3,#CD2626,205,38,38
maroon3,#CD2990,205,41,144
violetred3,#CD3278,205,50,120
brown3,#CD3333,205,51,51
orangered3,#CD3700,205,55,0
tomato3,#CD4F39,205,79,57
indianred3,#CD5555,205,85,85
coral3,#CD5B45,205,91,69
indianred (SVG),#CD5C5C,205,92,92
hotpink3,#CD6090,205,96,144
darkorange3,#CD6600,205,102,0
chocolate3,#CD661D,205,102,29
sienna3,#CD6839,205,104,57
palevioletred3,#CD6889,205,104,137
orchid3,#CD69C9,205,105,201
salmon3,#CD7054,205,112,84
gold6,#CD7F32,205,127,50
light salmon3,#CD8162,205,129,98
orange3,#CD8500,205,133,0
peru (SVG),#CD853F,205,133,63
light pink3,#CD8C95,205,140,149
pink3,#CD919E,205,145,158
darkgoldenrod3,#CD950C,205,149,12
plum3,#CD96CD,205,150,205
goldenrod3,#CD9B1D,205,155,29
rosybrown3,#CD9B9B,205,155,155
burlywood3,#CDAA7D,205,170,125
bartlett pear,#CDAB2D,205,171,45
gold3,#CDAD00,205,173,0
peachpuff3,#CDAF95,205,175,149
navajowhite3,#CDB38B,205,179,139
thistle3,#CDB5CD,205,181,205
bisque3,#CDB79E,205,183,158
mistyrose3,#CDB7B5,205,183,181
wheat3,#CDBA96,205,186,150
light goldenrod3,#CDBE70,205,190,112
antiquewhite3,#CDC0B0,205,192,176
lavenderblush3,#CDC1C5,205,193,197
seashell3,#CDC5BF,205,197,191
khaki3,#CDC673,205,198,115
cornsilk3,#CDC8B1,205,200,177
lemonchiffon3,#CDC9A5,205,201,165
snow3,#CDC9C9,205,201,201
yellow3,#CDCD00,205,205,0
light yellow3,#CDCDB4,205,205,180
ivory3,#CDCDC1,205,205,193
verylight grey,#CDCDCD,205,205,205
fire truck green,#CDD704,205,215,4
iceberg lettuce,#CDE472,205,228,114
green grape,#CECC15,206,204,21
oldgold,#CFB53B,207,181,59
gray81,#CFCFCF,207,207,207
celery,#CFD784,207,215,132
camo1,#CFDBC5,207,219,197
violetred,#D02090,208,32,144
conch,#D0A9AA,208,169,170
battleship,#D0D2C4,208,210,196
green card,#D0FAEE,208,250,238
medium orchid2,#D15FEE,209,95,238
feldspar,#D19275,209,146,117
gray82,#D1D1D1,209,209,209
pear,#D1E231,209,226,49
light cyan2,#D1EEEE,209,238,238
chocolate (SVG),#D2691E,210,105,30
tan (SVG),#D2B48C,210,180,140
pink glass,#D3BECF,211,190,207
lightgrey (SVG),#D3D3D3,211,211,211
lightgray (SVG),#D3D3D3,211,211,211
venetianred,#D41A1F,212,26,31
barney,#D4318C,212,49,140
englishred,#D43D1A,212,61,26
chili,#D44942,212,73,66
gray83,#D4D4D4,212,212,212
limepulp,#D4ED91,212,237,145
orange candy,#D5B77A,213,183,122
fuji apple,#D66F62,214,111,98
lemon,#D6C537,214,197,55
gray84,#D6D6D6,214,214,214
thistle (SVG),#D8BFD8,216,191,216
wheat,#D8D8BF,216,216,191
cool copper,#D98719,217,135,25
brightgold,#D9D919,217,217,25
gray85,#D9D9D9,217,217,217
quartz,#D9D9F3,217,217,243
orchid (SVG),#DA70D6,218,112,214
goldenrod (SVG),#DAA520,218,165,32
blue ice,#DAF4F0,218,244,240
permanent redviolet,#DB2645,219,38,69
brownmadder,#DB2929,219,41,41
palevioletred (SVG),#DB7093,219,112,147
orchid,#DB70DB,219,112,219
tan,#DB9370,219,147,112
ham,#DB9EA6,219,158,166
goldenrod,#DBDB70,219,219,112
gray86,#DBDBDB,219,219,219
moon,#DBE6E0,219,230,224
mint blue,#DBFEF8,219,254,248
crimson (SVG),#DC143C,220,20,60
kumquat,#DC8909,220,137,9
pink candy,#DCA2CD,220,162,205
gainsboro (SVG),#DCDCDC,220,220,220
sign orange,#DD7500,221,117,0
plum (SVG),#DDA0DD,221,160,221
carnation,#DE85B1,222,133,177
burlywood (SVG),#DEB887,222,184,135
gray87,#DEDEDE,222,222,222
cashew,#DFAE74,223,174,116
melonrindgreen,#DFFFA5,223,255,165
soylent red,#E04006,224,64,6
pink jeep,#E0427F,224,66,127
medium orchid1,#E066FF,224,102,255
yellow perch,#E0D873,224,216,115
stainless steel,#E0DFDB,224,223,219
gray88,#E0E0E0,224,224,224
honeydew2,#E0EEE0,224,238,224
azure2,#E0EEEE,224,238,238
lightcyan (SVG),#E0FFFF,224,255,255
pecan,#E18E2E,225,142,46
cream city brick,#E2DDB5,226,221,181
geraniumlake,#E31230,227,18,48
cadmiumreddeep,#E3170D,227,23,13
alizarin crimson,#E32636,227,38,54
madderlakedeep,#E32E30,227,46,48
rosemadder,#E33638,227,54,56
hematite,#E35152,227,81,82
marsyellow,#E3701A,227,112,26
yellowochre,#E38217,227,130,23
melon,#E3A869,227,168,105
banana,#E3CF57,227,207,87
gray89,#E3E3E3,227,227,227
mandarianorange,#E47833,228,120,51
beer,#E5BC3B,229,188,59
gray90,#E5E5E5,229,229,229
semisweet chocolate2,#E6B426,230,180,38
lavender (SVG),#E6E6FA,230,230,250
silver,#E6E8FA,230,232,250
tongue,#E79EA9,231,158,169
espresso,#E7C6A5,231,198,165
dark wheat,#E8C782,232,199,130
gray91,#E8E8E8,232,232,232
chrome,#E8F1D4,232,241,212
darksalmon (SVG),#E9967A,233,150,122
light wood,#E9C2A6,233,194,166
plum2,#EAADEA,234,173,234
strawberry smoothie,#EAB5C5,234,181,197
medium goldenrod,#EAEAAE,234,234,174
cherry,#EB5E66,235,94,102
newtan,#EBC79E,235,199,158
pistachio shell,#EBCEAC,235,206,172
gray92,#EBEBEB,235,235,235
piglet snout,#ECC3BF,236,195,191
corfu pink,#ECC8EC,236,200,236
carrot,#ED9121,237,145,33
light copper,#EDC393,237,195,147
golden delicious apple,#EDCB62,237,203,98
gray93,#EDEDED,237,237,237
red2 (Hex3),#EE0000,238,0,0
magenta2 (Hex3),#EE00EE,238,0,238
deeppink2,#EE1289,238,18,137
firebrick2,#EE2C2C,238,44,44
maroon2,#EE30A7,238,48,167
violetred2,#EE3A8C,238,58,140
brown2,#EE3B3B,238,59,59
orangered2,#EE4000,238,64,0
tomato2,#EE5C42,238,92,66
indianred2,#EE6363,238,99,99
coral2,#EE6A50,238,106,80
hotpink2,#EE6AA7,238,106,167
darkorange2,#EE7600,238,118,0
chocolate2,#EE7621,238,118,33
sienna2,#EE7942,238,121,66
palevioletred2,#EE799F,238,121,159
orchid2,#EE7AE9,238,122,233
salmon2,#EE8262,238,130,98
violet (SVG),#EE82EE,238,130,238
tan (Hex3),#EE8833,238,136,51
light salmon2,#EE9572,238,149,114
orange2,#EE9A00,238,154,0
tan2,#EE9A49,238,154,73
light pink2,#EEA2AD,238,162,173
pink2,#EEA9B8,238,169,184
darkgoldenrod2,#EEAD0E,238,173,14
plum2,#EEAEEE,238,174,238
goldenrod2,#EEB422,238,180,34
rosybrown2,#EEB4B4,238,180,180
burlywood2,#EEC591,238,197,145
gold2,#EEC900,238,201,0
peachpuff2,#EECBAD,238,203,173
navajowhite2,#EECFA1,238,207,161
thistle2,#EED2EE,238,210,238
bisque2,#EED5B7,238,213,183
mistyrose2,#EED5D2,238,213,210
beach sand,#EED6AF,238,214,175
wheat2,#EED8AE,238,216,174
light goldenrod2,#EEDC82,238,220,130
light goldenrod,#EEDD82,238,221,130
antiquewhite2,#EEDFCC,238,223,204
lavenderblush2,#EEE0E5,238,224,229
seashell2,#EEE5DE,238,229,222
khaki2,#EEE685,238,230,133
palegoldenrod (SVG),#EEE8AA,238,232,170
cornsilk2,#EEE8CD,238,232,205
lemonchiffon2,#EEE9BF,238,233,191
snow2,#EEE9E9,238,233,233
yellow candy,#EEEB8D,238,235,141
yellow2 (Hex3),#EEEE00,238,238,0
light yellow2,#EEEED1,238,238,209
ivory2,#EEEEE0,238,238,224
lightcoral (SVG),#F08080,240,128,128
pyridiumorange,#F0A804,240,168,4
khaki (SVG),#F0E68C,240,230,140
gray94,#F0F0F0,240,240,240
aliceblue (SVG),#F0F8FF,240,248,255
honeydew (SVG),#F0FFF0,240,255,240
azure (SVG),#F0FFFF,240,255,255
watermelon pulp,#F2473F,242,71,63
gray95,#F2F2F2,242,242,242
grapefruit,#F3E88E,243,232,142
sandybrown (SVG),#F4A460,244,164,96
soylent yellow,#F4F776,244,247,118
cranberry jello,#F54D70,245,77,112
pummelo pulp,#F5785A,245,120,90
wheat (SVG),#F5DEB3,245,222,179
beige (SVG),#F5F5DC,245,245,220
whitesmoke (SVG),#F5F5F5,245,245,245
mintcream (SVG),#F5FFFA,245,255,250
pomegranate,#F64D54,246,77,84
dog tongue,#F6A4D5,246,164,213
pink cloud,#F6A8B6,246,168,182
bermuda sand,#F6C9CC,246,201,204
pink shell,#F6CCDA,246,204,218
cotton candy,#F7B3DA,247,179,218
gray97,#F7F7F7,247,247,247
orange crush,#F87531,248,117,49
ghostwhite (SVG),#F8F8FF,248,248,255
raspberry red,#FA1D2F,250,29,47
salmon (SVG),#FA8072,250,128,114
cantaloupe pulp,#FA9A50,250,154,80
antiquewhite (SVG),#FAEBD7,250,235,215
linen (SVG),#FAF0E6,250,240,230
lightgoldenrodyellow (SVG),#FAFAD2,250,250,210
gray98,#FAFAFA,250,250,250
apricot,#FBA16C,251,161,108
gummi yellow,#FBDB0C,251,219,12
corn,#FBEC5D,251,236,93
gummi red,#FC1501,252,21,1
packer gold,#FCB514,252,181,20
sign yellow,#FCD116,252,209,22
bread,#FCD59C,252,213,156
pineapple,#FCDC3B,252,220,59
eggshell,#FCE6C9,252,230,201
gray99,#FCFCFC,252,252,252
titaniumwhite,#FCFFF0,252,255,240
oldlace (SVG),#FDF5E6,253,245,230
zincwhite,#FDF8FF,253,248,255
honey,#FEE5AC,254,229,172
desert sand,#FEE8D6,254,232,214
peach,#FEF0DB,254,240,219
buttermilk,#FEF1B5,254,241,181
red (Safe 16 SVG Hex3),#FF0000,255,0,0
bright red (Safe Hex3),#FF0033,255,0,51
broadwaypink (Safe Hex3),#FF0066,255,0,102
orangered,#FF007F,255,0,127
fuchsia2 (Hex3),#FF00AA,255,0,170
rose (Safe Hex3),#FF00CC,255,0,204
fuchsia (Safe 16 SVG Hex3),#FF00FF,255,0,255
magenta (Safe 16=fuchsia SVG Hex3),#FF00FF,255,0,255
cadmiumredlight,#FF030D,255,3,13
deeppink (SVG),#FF1493,255,20,147
spicypink,#FF1CAE,255,28,174
orangered,#FF2400,255,36,0
firebrick1,#FF3030,255,48,48
nectarine (Safe Hex3),#FF3300,255,51,0
novascotia salmon (Safe Hex3),#FF3333,255,51,51
maroon1,#FF34B3,255,52,179
greenishumber,#FF3D0D,255,61,13
violetred1,#FF3E96,255,62,150
orangered4,#FF4040,255,64,64
orangered (SVG),#FF4500,255,69,0
safety cone,#FF5333,255,83,51
fleshochre,#FF5721,255,87,33
cadmiumorange,#FF6103,255,97,3
tomato (SVG),#FF6347,255,99,71
orange (Safe Hex3),#FF6600,255,102,0
seattle salmon (Safe Hex3),#FF6666,255,102,102
hotpink (SVG),#FF69B4,255,105,180
indianred1,#FF6A6A,255,106,106
hotpink1,#FF6EB4,255,110,180
neonpink,#FF6EC7,255,110,199
tangerine,#FF7216,255,114,22
coral1,#FF7256,255,114,86
oregon salmon (Hex3),#FF7722,255,119,34
orange5,#FF7D40,255,125,64
darkorange1,#FF7F00,255,127,0
chocolate1,#FF7F24,255,127,36
coral (SVG),#FF7F50,255,127,80
orange,#FF8000,255,128,0
sienna1,#FF8247,255,130,71
palevioletred1,#FF82AB,255,130,171
orchid1,#FF83FA,255,131,250
darkorange5,#FF8600,255,134,0
darkorange (SVG),#FF8C00,255,140,0
salmon1,#FF8C69,255,140,105
bubble gum,#FF92BB,255,146,187
cadmiumyellow,#FF9912,255,153,18
peach (Hex3),#FF9955,255,153,85
lightsalmon (SVG),#FFA07A,255,160,122
orange (SVG),#FFA500,255,165,0
tan1,#FFA54F,255,165,79
naplesyellowdeep,#FFA812,255,168,18
aureolineyellow,#FFA824,255,168,36
gold7 (Hex3),#FFAA00,255,170,0
peachpuff,#FFADB9,255,173,185
light pink1,#FFAEB9,255,174,185
cadmium yellowlight,#FFB00F,255,176,15
pink1,#FFB5C5,255,181,197
lightpink (SVG),#FFB6C1,255,182,193
darkgoldenrod1,#FFB90F,255,185,15
plum1 (Hex3),#FFBBFF,255,187,255
pink (SVG),#FFC0CB,255,192,203
goldenrod1,#FFC125,255,193,37
rosybrown1,#FFC1C1,255,193,193
cheddar,#FFC469,255,196,105
mustard (Hex3),#FFCC11,255,204,17
sand (Safe Hex3),#FFCC99,255,204,153
flatpink (Safe Hex3),#FFCCCC,255,204,204
burlywood1,#FFD39B,255,211,155
gold (SVG),#FFD700,255,215,0
peachpuff (SVG),#FFDAB9,255,218,185
navajowhite (SVG),#FFDEAD,255,222,173
thistle1,#FFE1FF,255,225,255
cadmiumlemon,#FFE303,255,227,3
moccasin (SVG),#FFE4B5,255,228,181
bisque (SVG),#FFE4C4,255,228,196
mistyrose (SVG),#FFE4E1,255,228,225
yolk,#FFE600,255,230,0
wheat1,#FFE7BA,255,231,186
blanchedalmond (SVG),#FFEBCD,255,235,205
light goldenrod1,#FFEC8B,255,236,139
papayawhip (SVG),#FFEFD5,255,239,213
antiquewhite1,#FFEFDB,255,239,219
lavenderblush (SVG),#FFF0F5,255,240,245
seashell (SVG),#FFF5EE,255,245,238
khaki1,#FFF68F,255,246,143
cornsilk (SVG),#FFF8DC,255,248,220
lemonchiffon (SVG),#FFFACD,255,250,205
floralwhite (SVG),#FFFAF0,255,250,240
snow (SVG),#FFFAFA,255,250,250
coconut,#FFFCCF,255,252,207
yellow (Safe 16 SVG Hex3),#FFFF00,255,255,0
papaya,#FFFF7E,255,255,126
popcornyellow (Hex3),#FFFFAA,255,255,170
bone (Safe Hex3),#FFFFCC,255,255,204
lightyellow (SVG),#FFFFE0,255,255,224
ivory (SVG),#FFFFF0,255,255,240
white (Safe 16 SVG Hex3),#FFFFFF,255,255,255
